<?xml version="1.0" encoding="UTF-8" ?>
<!DOCTYPE mapper PUBLIC "-//mybatis.org//DTD Mapper 3.0//EN" "http://mybatis.org/dtd/mybatis-3-mapper.dtd" >
<mapper namespace="cn.xj.mapper.CourseSrMapper" >
  <resultMap id="BaseResultMap" type="cn.xj.pojo.CourseSr" >
    <id column="hideid" property="hideid" jdbcType="CHAR" />
    <result column="Cid" property="cid" jdbcType="CHAR" />
    <result column="Cname" property="cname" jdbcType="CHAR" />
    <result column="Tid" property="tid" jdbcType="CHAR" />
    <result column="Tname" property="tname" jdbcType="CHAR" />
    <result column="Sid" property="sid" jdbcType="CHAR" />
    <result column="Sname" property="sname" jdbcType="CHAR" />
  </resultMap>
  <sql id="Example_Where_Clause" >
    <where >
      <foreach collection="oredCriteria" item="criteria" separator="or" >
        <if test="criteria.valid" >
          <trim prefix="(" suffix=")" prefixOverrides="and" >
            <foreach collection="criteria.criteria" item="criterion" >
              <choose >
                <when test="criterion.noValue" >
                  and ${criterion.condition}
                </when>
                <when test="criterion.singleValue" >
                  and ${criterion.condition} #{criterion.value}
                </when>
                <when test="criterion.betweenValue" >
                  and ${criterion.condition} #{criterion.value} and #{criterion.secondValue}
                </when>
                <when test="criterion.listValue" >
                  and ${criterion.condition}
                  <foreach collection="criterion.value" item="listItem" open="(" close=")" separator="," >
                    #{listItem}
                  </foreach>
                </when>
              </choose>
            </foreach>
          </trim>
        </if>
      </foreach>
    </where>
  </sql>
  <sql id="Update_By_Example_Where_Clause" >
    <where >
      <foreach collection="example.oredCriteria" item="criteria" separator="or" >
        <if test="criteria.valid" >
          <trim prefix="(" suffix=")" prefixOverrides="and" >
            <foreach collection="criteria.criteria" item="criterion" >
              <choose >
                <when test="criterion.noValue" >
                  and ${criterion.condition}
                </when>
                <when test="criterion.singleValue" >
                  and ${criterion.condition} #{criterion.value}
                </when>
                <when test="criterion.betweenValue" >
                  and ${criterion.condition} #{criterion.value} and #{criterion.secondValue}
                </when>
                <when test="criterion.listValue" >
                  and ${criterion.condition}
                  <foreach collection="criterion.value" item="listItem" open="(" close=")" separator="," >
                    #{listItem}
                  </foreach>
                </when>
              </choose>
            </foreach>
          </trim>
        </if>
      </foreach>
    </where>
  </sql>
  <sql id="Base_Column_List" >
    hideid, Cid, Cname, Tid, Tname, Sid, Sname
  </sql>
  <select id="selectByExample" resultMap="BaseResultMap" parameterType="cn.xj.pojo.CourseSrExample" >
    select
    <if test="distinct" >
      distinct
    </if>
    <include refid="Base_Column_List" />
    from course_sr
    <if test="_parameter != null" >
      <include refid="Example_Where_Clause" />
    </if>
    <if test="orderByClause != null" >
      order by ${orderByClause}
    </if>
  </select>
  <select id="selectByPrimaryKey" resultMap="BaseResultMap" parameterType="java.lang.String" >
    select 
    <include refid="Base_Column_List" />
    from course_sr
    where hideid = #{hideid,jdbcType=CHAR}
  </select>
  <delete id="deleteByPrimaryKey" parameterType="java.lang.String" >
    delete from course_sr
    where hideid = #{hideid,jdbcType=CHAR}
  </delete>
  <delete id="deleteByExample" parameterType="cn.xj.pojo.CourseSrExample" >
    delete from course_sr
    <if test="_parameter != null" >
      <include refid="Example_Where_Clause" />
    </if>
  </delete>
  <insert id="insert" parameterType="cn.xj.pojo.CourseSr" >
    insert into course_sr (hideid, Cid, Cname, Tid, 
      Tname, Sid, Sname)
    values (#{hideid,jdbcType=CHAR}, #{cid,jdbcType=CHAR}, #{cname,jdbcType=CHAR}, #{tid,jdbcType=CHAR}, 
      #{tname,jdbcType=CHAR}, #{sid,jdbcType=CHAR}, #{sname,jdbcType=CHAR})
  </insert>
  <insert id="insertSelective" parameterType="cn.xj.pojo.CourseSr" >
    insert into course_sr
    <trim prefix="(" suffix=")" suffixOverrides="," >
      <if test="hideid != null" >
        hideid,
      </if>
      <if test="cid != null" >
        Cid,
      </if>
      <if test="cname != null" >
        Cname,
      </if>
      <if test="tid != null" >
        Tid,
      </if>
      <if test="tname != null" >
        Tname,
      </if>
      <if test="sid != null" >
        Sid,
      </if>
      <if test="sname != null" >
        Sname,
      </if>
    </trim>
    <trim prefix="values (" suffix=")" suffixOverrides="," >
      <if test="hideid != null" >
        #{hideid,jdbcType=CHAR},
      </if>
      <if test="cid != null" >
        #{cid,jdbcType=CHAR},
      </if>
      <if test="cname != null" >
        #{cname,jdbcType=CHAR},
      </if>
      <if test="tid != null" >
        #{tid,jdbcType=CHAR},
      </if>
      <if test="tname != null" >
        #{tname,jdbcType=CHAR},
      </if>
      <if test="sid != null" >
        #{sid,jdbcType=CHAR},
      </if>
      <if test="sname != null" >
        #{sname,jdbcType=CHAR},
      </if>
    </trim>
  </insert>
  <select id="countByExample" parameterType="cn.xj.pojo.CourseSrExample" resultType="java.lang.Integer" >
    select count(*) from course_sr
    <if test="_parameter != null" >
      <include refid="Example_Where_Clause" />
    </if>
  </select>
  <update id="updateByExampleSelective" parameterType="map" >
    update course_sr
    <set >
      <if test="record.hideid != null" >
        hideid = #{record.hideid,jdbcType=CHAR},
      </if>
      <if test="record.cid != null" >
        Cid = #{record.cid,jdbcType=CHAR},
      </if>
      <if test="record.cname != null" >
        Cname = #{record.cname,jdbcType=CHAR},
      </if>
      <if test="record.tid != null" >
        Tid = #{record.tid,jdbcType=CHAR},
      </if>
      <if test="record.tname != null" >
        Tname = #{record.tname,jdbcType=CHAR},
      </if>
      <if test="record.sid != null" >
        Sid = #{record.sid,jdbcType=CHAR},
      </if>
      <if test="record.sname != null" >
        Sname = #{record.sname,jdbcType=CHAR},
      </if>
    </set>
    <if test="_parameter != null" >
      <include refid="Update_By_Example_Where_Clause" />
    </if>
  </update>
  <update id="updateByExample" parameterType="map" >
    update course_sr
    set hideid = #{record.hideid,jdbcType=CHAR},
      Cid = #{record.cid,jdbcType=CHAR},
      Cname = #{record.cname,jdbcType=CHAR},
      Tid = #{record.tid,jdbcType=CHAR},
      Tname = #{record.tname,jdbcType=CHAR},
      Sid = #{record.sid,jdbcType=CHAR},
      Sname = #{record.sname,jdbcType=CHAR}
    <if test="_parameter != null" >
      <include refid="Update_By_Example_Where_Clause" />
    </if>
  </update>
  <update id="updateByPrimaryKeySelective" parameterType="cn.xj.pojo.CourseSr" >
    update course_sr
    <set >
      <if test="cid != null" >
        Cid = #{cid,jdbcType=CHAR},
      </if>
      <if test="cname != null" >
        Cname = #{cname,jdbcType=CHAR},
      </if>
      <if test="tid != null" >
        Tid = #{tid,jdbcType=CHAR},
      </if>
      <if test="tname != null" >
        Tname = #{tname,jdbcType=CHAR},
      </if>
      <if test="sid != null" >
        Sid = #{sid,jdbcType=CHAR},
      </if>
      <if test="sname != null" >
        Sname = #{sname,jdbcType=CHAR},
      </if>
    </set>
    where hideid = #{hideid,jdbcType=CHAR}
  </update>
  <update id="updateByPrimaryKey" parameterType="cn.xj.pojo.CourseSr" >
    update course_sr
    set Cid = #{cid,jdbcType=CHAR},
      Cname = #{cname,jdbcType=CHAR},
      Tid = #{tid,jdbcType=CHAR},
      Tname = #{tname,jdbcType=CHAR},
      Sid = #{sid,jdbcType=CHAR},
      Sname = #{sname,jdbcType=CHAR}
    where hideid = #{hideid,jdbcType=CHAR}
  </update>
</mapper>