<?xml version="1.0" encoding="UTF-8" ?>
<!DOCTYPE mapper PUBLIC "-//mybatis.org//DTD Mapper 3.0//EN" "http://mybatis.org/dtd/mybatis-3-mapper.dtd" >
<mapper namespace="cn.xj.mapper.CourseInfoMapper" >
  <resultMap id="BaseResultMap" type="cn.xj.pojo.CourseInfo" >
    <id column="Cid" property="cid" jdbcType="CHAR" />
    <result column="Cname" property="cname" jdbcType="CHAR" />
    <result column="CTname" property="ctname" jdbcType="CHAR" />
    <result column="CTid" property="ctid" jdbcType="CHAR" />
  </resultMap>
  <sql id="Example_Where_Clause" >
    <where >
      <foreach collection="oredCriteria" item="criteria" separator="or" >
        <if test="criteria.valid" >
          <trim prefix="(" suffix=")" prefixOverrides="and" >
            <foreach collection="criteria.criteria" item="criterion" >
              <choose >
                <when test="criterion.noValue" >
                  and ${criterion.condition}
                </when>
                <when test="criterion.singleValue" >
                  and ${criterion.condition} #{criterion.value}
                </when>
                <when test="criterion.betweenValue" >
                  and ${criterion.condition} #{criterion.value} and #{criterion.secondValue}
                </when>
                <when test="criterion.listValue" >
                  and ${criterion.condition}
                  <foreach collection="criterion.value" item="listItem" open="(" close=")" separator="," >
                    #{listItem}
                  </foreach>
                </when>
              </choose>
            </foreach>
          </trim>
        </if>
      </foreach>
    </where>
  </sql>
  <sql id="Update_By_Example_Where_Clause" >
    <where >
      <foreach collection="example.oredCriteria" item="criteria" separator="or" >
        <if test="criteria.valid" >
          <trim prefix="(" suffix=")" prefixOverrides="and" >
            <foreach collection="criteria.criteria" item="criterion" >
              <choose >
                <when test="criterion.noValue" >
                  and ${criterion.condition}
                </when>
                <when test="criterion.singleValue" >
                  and ${criterion.condition} #{criterion.value}
                </when>
                <when test="criterion.betweenValue" >
                  and ${criterion.condition} #{criterion.value} and #{criterion.secondValue}
                </when>
                <when test="criterion.listValue" >
                  and ${criterion.condition}
                  <foreach collection="criterion.value" item="listItem" open="(" close=")" separator="," >
                    #{listItem}
                  </foreach>
                </when>
              </choose>
            </foreach>
          </trim>
        </if>
      </foreach>
    </where>
  </sql>
  <sql id="Base_Column_List" >
    Cid, Cname, CTname, CTid
  </sql>
  <select id="selectByExample" resultMap="BaseResultMap" parameterType="cn.xj.pojo.CourseInfoExample" >
    select
    <if test="distinct" >
      distinct
    </if>
    <include refid="Base_Column_List" />
    from course_info
    <if test="_parameter != null" >
      <include refid="Example_Where_Clause" />
    </if>
    <if test="orderByClause != null" >
      order by ${orderByClause}
    </if>
  </select>
  <select id="selectByPrimaryKey" resultMap="BaseResultMap" parameterType="java.lang.String" >
    select 
    <include refid="Base_Column_List" />
    from course_info
    where Cid = #{cid,jdbcType=CHAR}
  </select>
  <delete id="deleteByPrimaryKey" parameterType="java.lang.String" >
    delete from course_info
    where Cid = #{cid,jdbcType=CHAR}
  </delete>
  <delete id="deleteByExample" parameterType="cn.xj.pojo.CourseInfoExample" >
    delete from course_info
    <if test="_parameter != null" >
      <include refid="Example_Where_Clause" />
    </if>
  </delete>
  <insert id="insert" parameterType="cn.xj.pojo.CourseInfo" >
    insert into course_info (Cid, Cname, CTname, CTid
      )
    values (#{cid,jdbcType=CHAR}, #{cname,jdbcType=CHAR}, #{ctname,jdbcType=CHAR}, #{ctid,jdbcType=CHAR}
      )
  </insert>
  <insert id="insertSelective" parameterType="cn.xj.pojo.CourseInfo" >
    insert into course_info
    <trim prefix="(" suffix=")" suffixOverrides="," >
      <if test="cid != null" >
        Cid,
      </if>
      <if test="cname != null" >
        Cname,
      </if>
      <if test="ctname != null" >
        CTname,
      </if>
      <if test="ctid != null" >
        CTid,
      </if>
    </trim>
    <trim prefix="values (" suffix=")" suffixOverrides="," >
      <if test="cid != null" >
        #{cid,jdbcType=CHAR},
      </if>
      <if test="cname != null" >
        #{cname,jdbcType=CHAR},
      </if>
      <if test="ctname != null" >
        #{ctname,jdbcType=CHAR},
      </if>
      <if test="ctid != null" >
        #{ctid,jdbcType=CHAR},
      </if>
    </trim>
  </insert>
  <select id="countByExample" parameterType="cn.xj.pojo.CourseInfoExample" resultType="java.lang.Integer" >
    select count(*) from course_info
    <if test="_parameter != null" >
      <include refid="Example_Where_Clause" />
    </if>
  </select>
  <update id="updateByExampleSelective" parameterType="map" >
    update course_info
    <set >
      <if test="record.cid != null" >
        Cid = #{record.cid,jdbcType=CHAR},
      </if>
      <if test="record.cname != null" >
        Cname = #{record.cname,jdbcType=CHAR},
      </if>
      <if test="record.ctname != null" >
        CTname = #{record.ctname,jdbcType=CHAR},
      </if>
      <if test="record.ctid != null" >
        CTid = #{record.ctid,jdbcType=CHAR},
      </if>
    </set>
    <if test="_parameter != null" >
      <include refid="Update_By_Example_Where_Clause" />
    </if>
  </update>
  <update id="updateByExample" parameterType="map" >
    update course_info
    set Cid = #{record.cid,jdbcType=CHAR},
      Cname = #{record.cname,jdbcType=CHAR},
      CTname = #{record.ctname,jdbcType=CHAR},
      CTid = #{record.ctid,jdbcType=CHAR}
    <if test="_parameter != null" >
      <include refid="Update_By_Example_Where_Clause" />
    </if>
  </update>
  <update id="updateByPrimaryKeySelective" parameterType="cn.xj.pojo.CourseInfo" >
    update course_info
    <set >
      <if test="cname != null" >
        Cname = #{cname,jdbcType=CHAR},
      </if>
      <if test="ctname != null" >
        CTname = #{ctname,jdbcType=CHAR},
      </if>
      <if test="ctid != null" >
        CTid = #{ctid,jdbcType=CHAR},
      </if>
    </set>
    where Cid = #{cid,jdbcType=CHAR}
  </update>
  <update id="updateByPrimaryKey" parameterType="cn.xj.pojo.CourseInfo" >
    update course_info
    set Cname = #{cname,jdbcType=CHAR},
      CTname = #{ctname,jdbcType=CHAR},
      CTid = #{ctid,jdbcType=CHAR}
    where Cid = #{cid,jdbcType=CHAR}
  </update>
</mapper>