<?xml version="1.0" encoding="UTF-8" ?>
<!DOCTYPE mapper PUBLIC "-//mybatis.org//DTD Mapper 3.0//EN" "http://mybatis.org/dtd/mybatis-3-mapper.dtd" >
<mapper namespace="cn.xj.mapper.StudentPwMapper" >
  <resultMap id="BaseResultMap" type="cn.xj.pojo.StudentPw" >
    <id column="Sid" property="sid" jdbcType="CHAR" />
    <result column="Spw" property="spw" jdbcType="CHAR" />
  </resultMap>
  <sql id="Example_Where_Clause" >
    <where >
      <foreach collection="oredCriteria" item="criteria" separator="or" >
        <if test="criteria.valid" >
          <trim prefix="(" suffix=")" prefixOverrides="and" >
            <foreach collection="criteria.criteria" item="criterion" >
              <choose >
                <when test="criterion.noValue" >
                  and ${criterion.condition}
                </when>
                <when test="criterion.singleValue" >
                  and ${criterion.condition} #{criterion.value}
                </when>
                <when test="criterion.betweenValue" >
                  and ${criterion.condition} #{criterion.value} and #{criterion.secondValue}
                </when>
                <when test="criterion.listValue" >
                  and ${criterion.condition}
                  <foreach collection="criterion.value" item="listItem" open="(" close=")" separator="," >
                    #{listItem}
                  </foreach>
                </when>
              </choose>
            </foreach>
          </trim>
        </if>
      </foreach>
    </where>
  </sql>
  <sql id="Update_By_Example_Where_Clause" >
    <where >
      <foreach collection="example.oredCriteria" item="criteria" separator="or" >
        <if test="criteria.valid" >
          <trim prefix="(" suffix=")" prefixOverrides="and" >
            <foreach collection="criteria.criteria" item="criterion" >
              <choose >
                <when test="criterion.noValue" >
                  and ${criterion.condition}
                </when>
                <when test="criterion.singleValue" >
                  and ${criterion.condition} #{criterion.value}
                </when>
                <when test="criterion.betweenValue" >
                  and ${criterion.condition} #{criterion.value} and #{criterion.secondValue}
                </when>
                <when test="criterion.listValue" >
                  and ${criterion.condition}
                  <foreach collection="criterion.value" item="listItem" open="(" close=")" separator="," >
                    #{listItem}
                  </foreach>
                </when>
              </choose>
            </foreach>
          </trim>
        </if>
      </foreach>
    </where>
  </sql>
  <sql id="Base_Column_List" >
    Sid, Spw
  </sql>
  <select id="selectByExample" resultMap="BaseResultMap" parameterType="cn.xj.pojo.StudentPwExample" >
    select
    <if test="distinct" >
      distinct
    </if>
    <include refid="Base_Column_List" />
    from student_pw
    <if test="_parameter != null" >
      <include refid="Example_Where_Clause" />
    </if>
    <if test="orderByClause != null" >
      order by ${orderByClause}
    </if>
  </select>
  <select id="selectByPrimaryKey" resultMap="BaseResultMap" parameterType="java.lang.String" >
    select 
    <include refid="Base_Column_List" />
    from student_pw
    where Sid = #{sid,jdbcType=CHAR}
  </select>
  <delete id="deleteByPrimaryKey" parameterType="java.lang.String" >
    delete from student_pw
    where Sid = #{sid,jdbcType=CHAR}
  </delete>
  <delete id="deleteByExample" parameterType="cn.xj.pojo.StudentPwExample" >
    delete from student_pw
    <if test="_parameter != null" >
      <include refid="Example_Where_Clause" />
    </if>
  </delete>
  <insert id="insert" parameterType="cn.xj.pojo.StudentPw" >
    insert into student_pw (Sid, Spw)
    values (#{sid,jdbcType=CHAR}, #{spw,jdbcType=CHAR})
  </insert>
  <insert id="insertSelective" parameterType="cn.xj.pojo.StudentPw" >
    insert into student_pw
    <trim prefix="(" suffix=")" suffixOverrides="," >
      <if test="sid != null" >
        Sid,
      </if>
      <if test="spw != null" >
        Spw,
      </if>
    </trim>
    <trim prefix="values (" suffix=")" suffixOverrides="," >
      <if test="sid != null" >
        #{sid,jdbcType=CHAR},
      </if>
      <if test="spw != null" >
        #{spw,jdbcType=CHAR},
      </if>
    </trim>
  </insert>
  <select id="countByExample" parameterType="cn.xj.pojo.StudentPwExample" resultType="java.lang.Integer" >
    select count(*) from student_pw
    <if test="_parameter != null" >
      <include refid="Example_Where_Clause" />
    </if>
  </select>
  <update id="updateByExampleSelective" parameterType="map" >
    update student_pw
    <set >
      <if test="record.sid != null" >
        Sid = #{record.sid,jdbcType=CHAR},
      </if>
      <if test="record.spw != null" >
        Spw = #{record.spw,jdbcType=CHAR},
      </if>
    </set>
    <if test="_parameter != null" >
      <include refid="Update_By_Example_Where_Clause" />
    </if>
  </update>
  <update id="updateByExample" parameterType="map" >
    update student_pw
    set Sid = #{record.sid,jdbcType=CHAR},
      Spw = #{record.spw,jdbcType=CHAR}
    <if test="_parameter != null" >
      <include refid="Update_By_Example_Where_Clause" />
    </if>
  </update>
  <update id="updateByPrimaryKeySelective" parameterType="cn.xj.pojo.StudentPw" >
    update student_pw
    <set >
      <if test="spw != null" >
        Spw = #{spw,jdbcType=CHAR},
      </if>
    </set>
    where Sid = #{sid,jdbcType=CHAR}
  </update>
  <update id="updateByPrimaryKey" parameterType="cn.xj.pojo.StudentPw" >
    update student_pw
    set Spw = #{spw,jdbcType=CHAR}
    where Sid = #{sid,jdbcType=CHAR}
  </update>
</mapper>