<?xml version="1.0" encoding="UTF-8" ?>
<!DOCTYPE mapper PUBLIC "-//mybatis.org//DTD Mapper 3.0//EN" "http://mybatis.org/dtd/mybatis-3-mapper.dtd" >
<mapper namespace="cn.xj.mapper.TeacherInfoMapper" >
  <resultMap id="BaseResultMap" type="cn.xj.pojo.TeacherInfo" >
    <id column="Tid" property="tid" jdbcType="CHAR" />
    <result column="Tname" property="tname" jdbcType="CHAR" />
  </resultMap>
  <sql id="Example_Where_Clause" >
    <where >
      <foreach collection="oredCriteria" item="criteria" separator="or" >
        <if test="criteria.valid" >
          <trim prefix="(" suffix=")" prefixOverrides="and" >
            <foreach collection="criteria.criteria" item="criterion" >
              <choose >
                <when test="criterion.noValue" >
                  and ${criterion.condition}
                </when>
                <when test="criterion.singleValue" >
                  and ${criterion.condition} #{criterion.value}
                </when>
                <when test="criterion.betweenValue" >
                  and ${criterion.condition} #{criterion.value} and #{criterion.secondValue}
                </when>
                <when test="criterion.listValue" >
                  and ${criterion.condition}
                  <foreach collection="criterion.value" item="listItem" open="(" close=")" separator="," >
                    #{listItem}
                  </foreach>
                </when>
              </choose>
            </foreach>
          </trim>
        </if>
      </foreach>
    </where>
  </sql>
  <sql id="Update_By_Example_Where_Clause" >
    <where >
      <foreach collection="example.oredCriteria" item="criteria" separator="or" >
        <if test="criteria.valid" >
          <trim prefix="(" suffix=")" prefixOverrides="and" >
            <foreach collection="criteria.criteria" item="criterion" >
              <choose >
                <when test="criterion.noValue" >
                  and ${criterion.condition}
                </when>
                <when test="criterion.singleValue" >
                  and ${criterion.condition} #{criterion.value}
                </when>
                <when test="criterion.betweenValue" >
                  and ${criterion.condition} #{criterion.value} and #{criterion.secondValue}
                </when>
                <when test="criterion.listValue" >
                  and ${criterion.condition}
                  <foreach collection="criterion.value" item="listItem" open="(" close=")" separator="," >
                    #{listItem}
                  </foreach>
                </when>
              </choose>
            </foreach>
          </trim>
        </if>
      </foreach>
    </where>
  </sql>
  <sql id="Base_Column_List" >
    Tid, Tname
  </sql>
  <select id="selectByExample" resultMap="BaseResultMap" parameterType="cn.xj.pojo.TeacherInfoExample" >
    select
    <if test="distinct" >
      distinct
    </if>
    <include refid="Base_Column_List" />
    from teacher_info
    <if test="_parameter != null" >
      <include refid="Example_Where_Clause" />
    </if>
    <if test="orderByClause != null" >
      order by ${orderByClause}
    </if>
  </select>
  <select id="selectByPrimaryKey" resultMap="BaseResultMap" parameterType="java.lang.String" >
    select 
    <include refid="Base_Column_List" />
    from teacher_info
    where Tid = #{tid,jdbcType=CHAR}
  </select>
  <delete id="deleteByPrimaryKey" parameterType="java.lang.String" >
    delete from teacher_info
    where Tid = #{tid,jdbcType=CHAR}
  </delete>
  <delete id="deleteByExample" parameterType="cn.xj.pojo.TeacherInfoExample" >
    delete from teacher_info
    <if test="_parameter != null" >
      <include refid="Example_Where_Clause" />
    </if>
  </delete>
  <insert id="insert" parameterType="cn.xj.pojo.TeacherInfo" >
    insert into teacher_info (Tid, Tname)
    values (#{tid,jdbcType=CHAR}, #{tname,jdbcType=CHAR})
  </insert>
  <insert id="insertSelective" parameterType="cn.xj.pojo.TeacherInfo" >
    insert into teacher_info
    <trim prefix="(" suffix=")" suffixOverrides="," >
      <if test="tid != null" >
        Tid,
      </if>
      <if test="tname != null" >
        Tname,
      </if>
    </trim>
    <trim prefix="values (" suffix=")" suffixOverrides="," >
      <if test="tid != null" >
        #{tid,jdbcType=CHAR},
      </if>
      <if test="tname != null" >
        #{tname,jdbcType=CHAR},
      </if>
    </trim>
  </insert>
  <select id="countByExample" parameterType="cn.xj.pojo.TeacherInfoExample" resultType="java.lang.Integer" >
    select count(*) from teacher_info
    <if test="_parameter != null" >
      <include refid="Example_Where_Clause" />
    </if>
  </select>
  <update id="updateByExampleSelective" parameterType="map" >
    update teacher_info
    <set >
      <if test="record.tid != null" >
        Tid = #{record.tid,jdbcType=CHAR},
      </if>
      <if test="record.tname != null" >
        Tname = #{record.tname,jdbcType=CHAR},
      </if>
    </set>
    <if test="_parameter != null" >
      <include refid="Update_By_Example_Where_Clause" />
    </if>
  </update>
  <update id="updateByExample" parameterType="map" >
    update teacher_info
    set Tid = #{record.tid,jdbcType=CHAR},
      Tname = #{record.tname,jdbcType=CHAR}
    <if test="_parameter != null" >
      <include refid="Update_By_Example_Where_Clause" />
    </if>
  </update>
  <update id="updateByPrimaryKeySelective" parameterType="cn.xj.pojo.TeacherInfo" >
    update teacher_info
    <set >
      <if test="tname != null" >
        Tname = #{tname,jdbcType=CHAR},
      </if>
    </set>
    where Tid = #{tid,jdbcType=CHAR}
  </update>
  <update id="updateByPrimaryKey" parameterType="cn.xj.pojo.TeacherInfo" >
    update teacher_info
    set Tname = #{tname,jdbcType=CHAR}
    where Tid = #{tid,jdbcType=CHAR}
  </update>
</mapper>